{
  "cls": {
    "best_val": 0.8402,
    "test_acc": 0.8403,
    "class_accuracies": [
      0.8700000047683716,
      0.925000011920929,
      0.7990000247955322,
      0.6480000019073486,
      0.8209999799728394,
      0.7879999876022339,
      0.8870000243186951,
      0.8799999952316284,
      0.8970000147819519,
      0.8880000114440918
    ],
    "mean_class_acc": 0.8402999639511108,
    "worst_class": "cat",
    "best_class": "automobile"
  },
  "mean": {
    "best_val": 0.8448,
    "test_acc": 0.8445,
    "class_accuracies": [
      0.8679999709129333,
      0.9240000247955322,
      0.8130000233650208,
      0.6830000281333923,
      0.8130000233650208,
      0.7799999713897705,
      0.8849999904632568,
      0.8790000081062317,
      0.9010000228881836,
      0.8989999890327454
    ],
    "mean_class_acc": 0.844499945640564,
    "worst_class": "cat",
    "best_class": "automobile"
  },
  "mean_lr1e4": {
    "best_val": 0.8103,
    "test_acc": 0.8103,
    "class_accuracies": [
      0.8299999833106995,
      0.8989999890327454,
      0.7580000162124634,
      0.640999972820282,
      0.8019999861717224,
      0.746999979019165,
      0.8489999771118164,
      0.8180000185966492,
      0.8669999837875366,
      0.8920000195503235
    ],
    "mean_class_acc": 0.8102999925613403,
    "worst_class": "cat",
    "best_class": "automobile"
  }
}