{"exp2/patch4/train/grad_norm":2.427586571902645,"_runtime":926.818495655,"exp2/patch4/train/loss":1.3021348378372193,"exp2/patch4/train/val_gap":0.0019399999999999418,"exp2/patch4/train/acc":0.63194,"exp2/patch4/val/loss":1.3132476099014283,"_timestamp":1.775790282534184e+09,"_wandb":{"runtime":926},"_step":13,"exp2/patch4/val/acc":0.63,"exp2/patch4/val/best_acc":0.63,"exp2/patch4/train/lr":0.00026004000000000006}