{"_runtime":765,"exp1/cnn/val/best_acc":0.854,"_step":100,"exp1/cnn/train/lr":2.7221285508776078e-05,"_wandb":{"runtime":765},"exp1/cnn/early_stop/epoch":99,"exp1/cnn/val/acc":0.8536,"_timestamp":1.7757777802524166e+09,"exp1/cnn/summary/epochs_trained":100,"exp1/cnn/train/loss":0.0043770023719966415,"exp1/cnn/train/acc":0.9996,"exp1/cnn/val/loss":0.7290037948131561,"exp1/cnn/summary/best_val_acc":0.854,"exp1/cnn/train/val_gap":0.14600000000000002,"exp1/cnn/early_stop/reason":"no improvement for 15 epochs (best=0.8537)","exp1/cnn/train/grad_norm":0.2294091498851776}