{"exp4/learnable/train/lr":0.0002909840468074933,"_wandb":{"runtime":2234},"exp4/learnable/train/acc":0.7834,"_timestamp":1.7758305750602345e+09,"_runtime":2234.731644118,"exp4/learnable/train/grad_norm":Infinity,"exp4/learnable/train/loss":0.9757002816009521,"_step":30,"exp4/learnable/val/acc":0.7568,"exp4/learnable/val/best_acc":0.7594,"exp4/learnable/val/loss":1.0497792238235473,"exp4/learnable/train/val_gap":0.026599999999999957}