{
  "patch_sizes": [
    4,
    8,
    16
  ],
  "num_patches": [
    64,
    16,
    4
  ],
  "test_accs": [
    0.8246,
    0.7721,
    0.6746
  ],
  "best_val_accs": [
    0.8246,
    0.7722,
    0.6746
  ],
  "training_times_s": [
    6084.7739107608795,
    1657.2207000255585,
    1434.9391055107117
  ]
}