{"exp1/cnn/early_stop/epoch":45,"exp1/cnn/val/loss":1.573814729309082,"exp1/cnn/val/best_acc":0.6714,"exp1/cnn/train/lr":0.06044877366778224,"exp1/cnn/train/loss":0.18266292116642,"exp1/cnn/val/acc":0.6627,"_step":46,"exp1/cnn/summary/best_val_acc":0.6714,"exp1/cnn/summary/epochs_trained":46,"exp1/cnn/early_stop/reason":"overfit gap 0.273 > 0.2 for 10 epochs","_timestamp":1.7757754802261977e+09,"exp1/cnn/train/acc":0.936,"exp1/cnn/train/grad_norm":1.716339075565338,"exp1/cnn/train/val_gap":0.2733000000000001,"_runtime":200,"_wandb":{"runtime":200}}