{"exp1/vit/train/acc":0.88616,"exp1/vit/train/loss":0.7550004801559448,"_step":78,"exp1/vit/train/lr":4.21984318837322e-05,"exp1/vit/train/val_gap":0.23905999999999994,"exp1/vit/summary/epochs_trained":78,"exp1/vit/early_stop/reason":"overfit gap 0.239 > 0.2 for 10 epochs","exp1/vit/train/grad_norm":3.248735933887715,"exp1/vit/val/best_acc":0.6568,"exp1/vit/val/loss":1.4492208434104918,"exp1/vit/early_stop/epoch":77,"_timestamp":1.7757770093802238e+09,"_wandb":{"runtime":1501},"_runtime":1501,"exp1/vit/summary/best_val_acc":0.6568,"exp1/vit/val/acc":0.6471}