{"exp1/cnn/train/grad_norm":2.256293535232544,"_runtime":189,"exp1/cnn/train/loss":0.46006023926734924,"exp1/cnn/val/best_acc":0.5505,"exp1/cnn/val/acc":0.5138,"exp1/cnn/summary/best_val_acc":0.5505,"_step":60,"exp1/cnn/early_stop/reason":"overfit gap 0.321 > 0.2 for 10 epochs","exp1/cnn/early_stop/epoch":59,"exp1/cnn/train/lr":0.03797437244416549,"exp1/cnn/summary/epochs_trained":60,"exp1/cnn/train/val_gap":0.3206,"_timestamp":1.7757745290936842e+09,"exp1/cnn/train/acc":0.8344,"_wandb":{"runtime":189},"exp1/cnn/val/loss":2.047227007675171}