{"_step":24,"exp1/vit/val/acc":0.4811,"exp1/vit/train/val_gap":0.04329999999999995,"_runtime":279.302268734,"exp1/vit/train/lr":0.00027144804065905466,"exp1/vit/train/loss":1.5249386854171754,"_wandb":{"runtime":279},"exp1/vit/val/best_acc":0.4811,"exp1/vit/val/loss":1.6234831077575684,"exp1/vit/train/grad_norm":2.3851111769676208,"_timestamp":1.7757914576978338e+09,"exp1/vit/train/acc":0.5244}