{"exp1/vit/val/acc":0.7282,"_runtime":2734,"exp1/vit/train/grad_norm":2.860701772631431,"exp1/vit/val/loss":1.2567318927764892,"exp1/vit/train/loss":0.6571253627204895,"_step":79,"exp1/vit/train/acc":0.92896,"exp1/vit/early_stop/epoch":78,"exp1/vit/summary/best_val_acc":0.7302,"exp1/vit/train/val_gap":0.20076000000000005,"exp1/vit/early_stop/reason":"no improvement for 15 epochs (best=0.7302)","exp1/vit/train/lr":3.885018919086904e-05,"_timestamp":1.7757805420208466e+09,"exp1/vit/summary/epochs_trained":79,"exp1/vit/val/best_acc":0.7302,"_wandb":{"runtime":2734}}