{"exp1/cnn/early_stop/reason":"no improvement for 15 epochs (best=0.9052)","exp1/cnn/train/val_gap":0.09530000000000005,"_step":96,"exp1/cnn/summary/best_val_acc":0.9052,"exp1/cnn/val/best_acc":0.9052,"exp1/cnn/train/lr":0.0006551580216598315,"exp1/cnn/train/loss":0.0024805615947395563,"_wandb":{"runtime":1275},"exp1/cnn/train/acc":0.9998,"exp1/cnn/val/acc":0.9045,"exp1/cnn/train/grad_norm":0.17413634776460882,"_timestamp":1.7757818220976315e+09,"_runtime":1275,"exp1/cnn/val/loss":0.4199271674156189,"exp1/cnn/summary/epochs_trained":96,"exp1/cnn/early_stop/epoch":95}