{"exp1/vit/val/acc":0.4562,"exp1/vit/train/lr":9.962617042097438e-05,"exp1/vit/val/loss":1.8267026624679565,"exp1/vit/early_stop/epoch":63,"exp1/vit/summary/best_val_acc":0.4616,"exp1/vit/train/acc":0.7156,"exp1/vit/train/val_gap":0.2594,"_step":64,"exp1/vit/train/loss":1.1347011190414429,"exp1/vit/val/best_acc":0.4616,"exp1/vit/summary/epochs_trained":64,"_wandb":{"runtime":454},"_timestamp":1.7757743351603494e+09,"exp1/vit/early_stop/reason":"overfit gap 0.259 > 0.2 for 10 epochs","_runtime":454,"exp1/vit/train/grad_norm":3.056458330154419}