{"exp1/vit/val/acc":0.4564,"exp1/vit/summary/best_val_acc":0.4643,"exp1/vit/val/loss":1.8447966251373291,"exp1/vit/early_stop/reason":"overfit gap 0.279 > 0.2 for 10 epochs","_wandb":{"runtime":496},"exp1/vit/train/grad_norm":3.328033947944641,"exp1/vit/early_stop/epoch":67,"exp1/vit/train/lr":8.15294961346862e-05,"_step":68,"_runtime":496,"exp1/vit/summary/epochs_trained":68,"exp1/vit/train/acc":0.7356,"exp1/vit/val/best_acc":0.4643,"_timestamp":1.7757909508910336e+09,"exp1/vit/train/loss":1.076861552619934,"exp1/vit/train/val_gap":0.27920000000000006}