{"_timestamp":1.7757911520643659e+09,"exp1/cnn/train/acc":0.844,"_runtime":195,"exp1/cnn/train/val_gap":0.3113,"exp1/cnn/train/grad_norm":1.9981933116912842,"exp1/cnn/train/loss":0.46128731889724733,"exp1/cnn/summary/best_val_acc":0.5528,"exp1/cnn/train/lr":0.0427391440520111,"_step":57,"_wandb":{"runtime":195},"exp1/cnn/val/loss":1.80407391166687,"exp1/cnn/val/acc":0.5327,"exp1/cnn/early_stop/reason":"overfit gap 0.311 > 0.2 for 10 epochs","exp1/cnn/early_stop/epoch":56,"exp1/cnn/val/best_acc":0.5528,"exp1/cnn/summary/epochs_trained":57}