{"exp1/vit/train/acc":0.8118,"exp1/vit/train/val_gap":0.26739999999999997,"exp1/vit/val/best_acc":0.5518,"_timestamp":1.7757752757130551e+09,"_runtime":718,"exp1/vit/train/grad_norm":3.349301290512085,"exp1/vit/train/loss":0.9280767196655273,"exp1/vit/val/acc":0.5444,"exp1/vit/summary/best_val_acc":0.5518,"exp1/vit/early_stop/epoch":70,"exp1/vit/val/loss":1.6602377422332764,"exp1/vit/early_stop/reason":"overfit gap 0.267 > 0.2 for 10 epochs","exp1/vit/summary/epochs_trained":71,"_step":71,"_wandb":{"runtime":718},"exp1/vit/train/lr":6.873125036069721e-05}